message_id,message_text,expected_sentiment
1,Багажная служба работает отвратительно! Потеряли чемодан с рейса SU596!,negative
2,Уже 11 дня жду свой чемодан с рейса SU749. Где мои вещи?!,negative
3,Багажная служба работает отвратительно! Потеряли чемодан с рейса SU962!,negative
4,"Потеряли мой багаж на рейсе SU238. Никто не может сказать, где он находится!",negative
5,Багажная служба работает отвратительно! Потеряли чемодан с рейса SU629!,negative
6,Багажная служба работает отвратительно! Потеряли чемодан с рейса SU726!,negative
7,Багаж задержали на 4 дней! Рейс SU539. Где компенсация?!,negative
8,"Багаж поврежден после перелета SU286. Чемодан разбит, вещи испорчены!",negative
9,Мой чемодан не прилетел вместе со мной рейсом SU697. Это катастрофа!,negative
10,"Багаж поврежден после перелета SU197. Чемодан разбит, вещи испорчены!",negative
11,Чемодан вскрыли и украли вещи на рейсе SU350! Возмутительно!,negative
12,Багаж задержали на 6 дней! Рейс SU627. Где компенсация?!,negative
13,Багажная служба работает отвратительно! Потеряли чемодан с рейса SU379!,negative
14,Чемодан вскрыли и украли вещи на рейсе SU302! Возмутительно!,negative
15,Чемодан вскрыли и украли вещи на рейсе SU447! Возмутительно!,negative
16,"Багаж поврежден после перелета SU659. Чемодан разбит, вещи испорчены!",negative
17,Чемодан вскрыли и украли вещи на рейсе SU274! Возмутительно!,negative
18,"Багаж поврежден после перелета SU168. Чемодан разбит, вещи испорчены!",negative
19,Уже 14 дня жду свой чемодан с рейса SU632. Где мои вещи?!,negative
20,Чемодан вскрыли и украли вещи на рейсе SU366! Возмутительно!,negative
21,Мой багаж потерян после рейса SU168! Номер багажной бирки 68702. Это недопустимо!,negative
22,Уже 7 дня жду свой чемодан с рейса SU907. Где мои вещи?!,negative
23,Чемодан вскрыли и украли вещи на рейсе SU805! Возмутительно!,negative
24,Чемодан вскрыли и украли вещи на рейсе SU110! Возмутительно!,negative
25,Мой чемодан не прилетел вместе со мной рейсом SU634. Это катастрофа!,negative
26,Мой багаж потерян после рейса SU486! Номер багажной бирки 55840. Это недопустимо!,negative
27,Багаж задержали на 5 дней! Рейс SU450. Где компенсация?!,negative
28,Чемодан вскрыли и украли вещи на рейсе SU624! Возмутительно!,negative
29,Мой багаж потерян после рейса SU532! Номер багажной бирки 46078. Это недопустимо!,negative
30,Уже 14 дня жду свой чемодан с рейса SU490. Где мои вещи?!,negative
31,Мой чемодан не прилетел вместе со мной рейсом SU340. Это катастрофа!,negative
32,Чемодан вскрыли и украли вещи на рейсе SU389! Возмутительно!,negative
33,"Потеряли мой багаж на рейсе SU292. Никто не может сказать, где он находится!",negative
34,"Багаж поврежден после перелета SU556. Чемодан разбит, вещи испорчены!",negative
35,Багаж задержали на 5 дней! Рейс SU288. Где компенсация?!,negative
36,"Багаж поврежден после перелета SU243. Чемодан разбит, вещи испорчены!",negative
37,Чемодан вскрыли и украли вещи на рейсе SU964! Возмутительно!,negative
38,Мой чемодан не прилетел вместе со мной рейсом SU489. Это катастрофа!,negative
39,Мой багаж потерян после рейса SU758! Номер багажной бирки 13309. Это недопустимо!,negative
40,"Потеряли мой багаж на рейсе SU225. Никто не может сказать, где он находится!",negative
41,Багаж задержали на 1 дней! Рейс SU427. Где компенсация?!,negative
42,"Потеряли мой багаж на рейсе SU583. Никто не может сказать, где он находится!",negative
43,Мой чемодан не прилетел вместе со мной рейсом SU255. Это катастрофа!,negative
44,Система выдает ошибку при выборе мест на рейс SU429!,negative
45,Ваш сайт бронирования ужасен! Невозможно купить билет!,negative
46,Система выдает ошибку при выборе мест на рейс SU644!,negative
47,Двойное списание при бронировании! Верните деньги!,negative
48,Не могу забронировать билет на сайте! Система постоянно выдает ошибку!,negative
49,Система выдает ошибку при выборе мест на рейс SU850!,negative
50,Ваш сайт бронирования ужасен! Невозможно купить билет!,negative
51,Система выдает ошибку при выборе мест на рейс SU567!,negative
52,"Бронирование сорвалось на последнем этапе. Деньги списаны, билета нет!",negative
53,"Бронирование сорвалось на последнем этапе. Деньги списаны, билета нет!",negative
54,"Пытаюсь забронировать рейс SU378 уже час, сайт не работает!",negative
55,Двойное списание при бронировании! Верните деньги!,negative
56,"Пытаюсь забронировать рейс SU930 уже час, сайт не работает!",negative
57,"Пытаюсь забронировать рейс SU785 уже час, сайт не работает!",negative
58,Система выдает ошибку при выборе мест на рейс SU748!,negative
59,Ваш сайт бронирования ужасен! Невозможно купить билет!,negative
60,"Бронирование сорвалось на последнем этапе. Деньги списаны, билета нет!",negative
61,"Пытаюсь забронировать рейс SU955 уже час, сайт не работает!",negative
62,Двойное списание при бронировании! Верните деньги!,negative
63,Не могу забронировать билет на сайте! Система постоянно выдает ошибку!,negative
64,Ваш сайт бронирования ужасен! Невозможно купить билет!,negative
65,Двойное списание при бронировании! Верните деньги!,negative
66,Не могу забронировать билет на сайте! Система постоянно выдает ошибку!,negative
67,Двойное списание при бронировании! Верните деньги!,negative
68,Не могу забронировать билет на сайте! Система постоянно выдает ошибку!,negative
69,Не могу забронировать билет на сайте! Система постоянно выдает ошибку!,negative
70,Двойное списание при бронировании! Верните деньги!,negative
71,Система выдает ошибку при выборе мест на рейс SU151!,negative
72,Двойное списание при бронировании! Верните деньги!,negative
73,"Пытаюсь забронировать рейс SU867 уже час, сайт не работает!",negative
74,"Оплата прошла, но билет не забронирован! Что происходит?!",negative
75,"Оплата прошла, но билет не забронирован! Что происходит?!",negative
76,"Бронирование сорвалось на последнем этапе. Деньги списаны, билета нет!",negative
77,Система выдает ошибку при выборе мест на рейс SU825!,negative
78,"Бронирование сорвалось на последнем этапе. Деньги списаны, билета нет!",negative
79,Система выдает ошибку при выборе мест на рейс SU865!,negative
80,"Оплата прошла, но билет не забронирован! Что происходит?!",negative
81,"Пытаюсь забронировать рейс SU939 уже час, сайт не работает!",negative
82,Система выдает ошибку при выборе мест на рейс SU496!,negative
83,"Оплата прошла, но билет не забронирован! Что происходит?!",negative
84,Система выдает ошибку при выборе мест на рейс SU888!,negative
85,Ваш сайт бронирования ужасен! Невозможно купить билет!,negative
86,Не могу забронировать билет на сайте! Система постоянно выдает ошибку!,negative
87,Третий раз за месяц отменяют рейс! Это неуважение к пассажирам!,negative
88,Третий раз за месяц отменяют рейс! Это неуважение к пассажирам!,negative
89,Рейс SU323 отменен без предупреждения! Я застряла в аэропорту!,negative
90,Рейс SU948 отменен без предупреждения! Я застряла в аэропорту!,negative
91,Отменили рейс и не предложили альтернативы! Что делать?!,negative
92,Рейс SU316 отменен без предупреждения! Я застряла в аэропорту!,negative
93,Отменили рейс и не предложили альтернативы! Что делать?!,negative
94,Третий раз за месяц отменяют рейс! Это неуважение к пассажирам!,negative
95,Отменили мой рейс за час до вылета! Это безобразие!,negative
96,Узнал об отмене рейса SU125 только в аэропорту! Кошмар!,negative
97,Отмена рейса SU845 сорвала все мои планы! Требую компенсацию!,negative
98,"Рейс SU660 отменен, компенсацию не предлагают! Как так?!",negative
99,Узнал об отмене рейса SU678 только в аэропорту! Кошмар!,negative
100,Узнал об отмене рейса SU792 только в аэропорту! Кошмар!,negative
101,Отменили рейс и не предложили альтернативы! Что делать?!,negative
102,"Рейс SU347 отменен, компенсацию не предлагают! Как так?!",negative
103,Рейс SU412 отменен без предупреждения! Я застряла в аэропорту!,negative
104,"Рейс SU671 отменен, компенсацию не предлагают! Как так?!",negative
105,Отмена рейса SU430 сорвала все мои планы! Требую компенсацию!,negative
106,Отмена рейса SU228 сорвала все мои планы! Требую компенсацию!,negative
107,Рейс SU658 отменен без предупреждения! Я застряла в аэропорту!,negative
108,Рейс SU681 отменен без предупреждения! Я застряла в аэропорту!,negative
109,Отмена рейса SU862 сорвала все мои планы! Требую компенсацию!,negative
110,Рейс SU262 отменен без предупреждения! Я застряла в аэропорту!,negative
111,"Рейс SU395 отменен, компенсацию не предлагают! Как так?!",negative
112,Рейс SU246 отменен без предупреждения! Я застряла в аэропорту!,negative
113,Отменили рейс и не предложили альтернативы! Что делать?!,negative
114,Отмена рейса SU924 сорвала все мои планы! Требую компенсацию!,negative
115,Отменили рейс и не предложили альтернативы! Что делать?!,negative
116,Третий раз за месяц отменяют рейс! Это неуважение к пассажирам!,negative
117,Отменили рейс и не предложили альтернативы! Что делать?!,negative
118,Отменили мой рейс за час до вылета! Это безобразие!,negative
119,Отменили рейс и не предложили альтернативы! Что делать?!,negative
120,Отмена рейса SU641 сорвала все мои планы! Требую компенсацию!,negative
121,Отменили рейс и не предложили альтернативы! Что делать?!,negative
122,Узнал об отмене рейса SU516 только в аэропорту! Кошмар!,negative
123,Узнал об отмене рейса SU408 только в аэропорту! Кошмар!,negative
124,Рейс SU133 отменен без предупреждения! Я застряла в аэропорту!,negative
125,Отмена рейса SU951 сорвала все мои планы! Требую компенсацию!,negative
126,Узнал об отмене рейса SU105 только в аэропорту! Кошмар!,negative
127,Рейс SU379 отменен без предупреждения! Я застряла в аэропорту!,negative
128,Рейс SU322 отменен без предупреждения! Я застряла в аэропорту!,negative
129,Рейс SU691 отменен без предупреждения! Я застряла в аэропорту!,negative
130,Задержка на 6 часа испортила все планы!,negative
131,Рейс SU804 задерживается уже 7 часа! Никакой информации!,negative
132,Постоянные задержки рейса SU681! Это норма для вас?!,negative
133,Задержка на 3 часа испортила все планы!,negative
134,Рейс SU815 задерживается уже 7 часа! Никакой информации!,negative
135,Рейс SU659 задерживается уже 1 часа! Никакой информации!,negative
136,Задержка на 1 часа испортила все планы!,negative
137,Рейс SU846 снова задерживают! Это уже постоянная практика!,negative
138,"Сидим в самолете уже час, вылет откладывают! Что происходит?!",negative
139,Задержка на 3 часа испортила все планы!,negative
140,Рейс SU251 снова задерживают! Это уже постоянная практика!,negative
141,Рейс SU209 задерживается уже 4 часа! Никакой информации!,negative
142,Рейс SU692 задерживается уже 8 часа! Никакой информации!,negative
143,Рейс SU949 снова задерживают! Это уже постоянная практика!,negative
144,Рейс SU627 снова задерживают! Это уже постоянная практика!,negative
145,Рейс SU984 задерживается уже 6 часа! Никакой информации!,negative
146,"Сидим в самолете уже час, вылет откладывают! Что происходит?!",negative
147,Постоянные задержки рейса SU124! Это норма для вас?!,negative
148,Рейс SU528 задерживается уже 5 часа! Никакой информации!,negative
149,"Сидим в самолете уже час, вылет откладывают! Что происходит?!",negative
150,Опаздываю на важную встречу из-за задержки вашего рейса!,negative
151,Постоянные задержки рейса SU792! Это норма для вас?!,negative
152,Задержка 4 часов без объяснений и компенсации! Безобразие!,negative
153,Рейс SU667 снова задерживают! Это уже постоянная практика!,negative
154,Рейс SU374 снова задерживают! Это уже постоянная практика!,negative
155,Задержка на 8 часа испортила все планы!,negative
156,"Сидим в самолете уже час, вылет откладывают! Что происходит?!",negative
157,Задержка на 7 часа испортила все планы!,negative
158,Рейс SU266 задерживается уже 2 часа! Никакой информации!,negative
159,Задержка 1 часов без объяснений и компенсации! Безобразие!,negative
160,Рейс SU154 задерживается уже 9 часа! Никакой информации!,negative
161,Постоянные задержки рейса SU186! Это норма для вас?!,negative
162,Задержка 5 часов без объяснений и компенсации! Безобразие!,negative
163,Постоянные задержки рейса SU176! Это норма для вас?!,negative
164,Задержка 4 часов без объяснений и компенсации! Безобразие!,negative
165,Постоянные задержки рейса SU455! Это норма для вас?!,negative
166,Опаздываю на важную встречу из-за задержки вашего рейса!,negative
167,Рейс SU208 снова задерживают! Это уже постоянная практика!,negative
168,Рейс SU129 задерживается уже 8 часа! Никакой информации!,negative
169,Постоянные задержки рейса SU882! Это норма для вас?!,negative
170,Рейс SU232 снова задерживают! Это уже постоянная практика!,negative
171,Задержка на 5 часа испортила все планы!,negative
172,Опаздываю на важную встречу из-за задержки вашего рейса!,negative
173,Возврат оформили частично! Где остальные деньги?!,negative
174,Невозможно вернуть деньги за билет! Ваша служба поддержки не отвечает!,negative
175,Требую немедленного возврата средств за отмененный рейс SU819!,negative
176,Требую немедленного возврата средств за отмененный рейс SU736!,negative
177,Возврат оформили частично! Где остальные деньги?!,negative
178,"Возврат обещали за 9 дней, прошел месяц - денег нет!",negative
179,Жду возврат уже 8 дней! Когда вернете деньги?!,negative
180,Требую немедленного возврата средств за отмененный рейс SU405!,negative
181,Требую немедленного возврата средств за отмененный рейс SU815!,negative
182,Возврат оформили частично! Где остальные деньги?!,negative
183,Жду возврат уже 12 дней! Когда вернете деньги?!,negative
184,Невозможно вернуть деньги за билет! Ваша служба поддержки не отвечает!,negative
185,"Возврат обещали за 1 дней, прошел месяц - денег нет!",negative
186,Жду возврат денег за билет уже 11 дней! Где мои деньги?!,negative
187,"Возврат обещали за 4 дней, прошел месяц - денег нет!",negative
188,Жду возврат денег за билет уже 5 дней! Где мои деньги?!,negative
189,Жду возврат денег за билет уже 12 дней! Где мои деньги?!,negative
190,Жду возврат уже 8 дней! Когда вернете деньги?!,negative
191,Жду возврат уже 10 дней! Когда вернете деньги?!,negative
192,Невозможно вернуть деньги за билет! Ваша служба поддержки не отвечает!,negative
193,Жду возврат денег за билет уже 8 дней! Где мои деньги?!,negative
194,Невозможно вернуть деньги за билет! Ваша служба поддержки не отвечает!,negative
195,"Отменила рейс SU331, а возврат не приходит! Это мошенничество!",negative
196,"Отменила рейс SU289, а возврат не приходит! Это мошенничество!",negative
197,"Возврат обещали за 9 дней, прошел месяц - денег нет!",negative
198,"Возврат обещали за 6 дней, прошел месяц - денег нет!",negative
199,"Возврат обещали за 4 дней, прошел месяц - денег нет!",negative
200,Невозможно вернуть деньги за билет! Ваша служба поддержки не отвечает!,negative
201,Возврат оформили частично! Где остальные деньги?!,negative
202,Возврат оформили частично! Где остальные деньги?!,negative
203,Возврат оформили частично! Где остальные деньги?!,negative
204,"Отменила рейс SU604, а возврат не приходит! Это мошенничество!",negative
205,Жду возврат уже 11 дней! Когда вернете деньги?!,negative
206,Невозможно вернуть деньги за билет! Ваша служба поддержки не отвечает!,negative
207,Требую немедленного возврата средств за отмененный рейс SU637!,negative
208,"Возврат обещали за 14 дней, прошел месяц - денег нет!",negative
209,"Возврат обещали за 13 дней, прошел месяц - денег нет!",negative
210,"Возврат обещали за 3 дней, прошел месяц - денег нет!",negative
211,Невозможно вернуть деньги за билет! Ваша служба поддержки не отвечает!,negative
212,Возврат оформили частично! Где остальные деньги?!,negative
213,Жду возврат уже 6 дней! Когда вернете деньги?!,negative
214,"Возврат обещали за 2 дней, прошел месяц - денег нет!",negative
215,Ужасное питание на борту рейса SU599. Несвежие продукты!,negative
216,Обслуживание на рейсе SU672 отвратительное! Грубый персонал!,negative
217,Грубое обслуживание на борту! Стюардессы игнорировали пассажиров!,negative
218,Ужасное питание на борту рейса SU407. Несвежие продукты!,negative
219,Холодная еда на рейсе SU122! Отвратительно!,negative
220,Ужасное питание на борту рейса SU704. Несвежие продукты!,negative
221,Холодная еда на рейсе SU982! Отвратительно!,negative
222,Ужасное питание на борту рейса SU364. Несвежие продукты!,negative
223,Обслуживание на рейсе SU383 отвратительное! Грубый персонал!,negative
224,Обслуживание на рейсе SU426 отвратительное! Грубый персонал!,negative
225,Обслуживание на рейсе SU254 отвратительное! Грубый персонал!,negative
226,Стюардессы хамили пассажирам на рейсе SU127. Неприемлемо!,negative
227,Стюардессы хамили пассажирам на рейсе SU377. Неприемлемо!,negative
228,Кондиционер не работал весь полет! Температура была невыносимой!,negative
229,Холодная еда на рейсе SU556! Отвратительно!,negative
230,Ужасное питание на борту рейса SU246. Несвежие продукты!,negative
231,Кондиционер не работал весь полет! Температура была невыносимой!,negative
232,Холодная еда на рейсе SU668! Отвратительно!,negative
233,Кондиционер не работал весь полет! Температура была невыносимой!,negative
234,Кондиционер не работал весь полет! Температура была невыносимой!,negative
235,Обслуживание на рейсе SU977 отвратительное! Грубый персонал!,negative
236,Стюардессы хамили пассажирам на рейсе SU858. Неприемлемо!,negative
237,Обслуживание на рейсе SU624 отвратительное! Грубый персонал!,negative
238,Не было еды на рейсе длительностью 10 часов! Это безобразие!,negative
239,Ужасное питание на борту рейса SU999. Несвежие продукты!,negative
240,Не было еды на рейсе длительностью 6 часов! Это безобразие!,negative
241,Стюардессы хамили пассажирам на рейсе SU381. Неприемлемо!,negative
242,Грубое обслуживание на борту! Стюардессы игнорировали пассажиров!,negative
243,Не было еды на рейсе длительностью 4 часов! Это безобразие!,negative
244,Холодная еда на рейсе SU810! Отвратительно!,negative
245,Грубое обслуживание на борту! Стюардессы игнорировали пассажиров!,negative
246,Стюардессы хамили пассажирам на рейсе SU229. Неприемлемо!,negative
247,Грубое обслуживание на борту! Стюардессы игнорировали пассажиров!,negative
248,Ужасное питание на борту рейса SU701. Несвежие продукты!,negative
249,Ужасное питание на борту рейса SU527. Несвежие продукты!,negative
250,Обслуживание на рейсе SU640 отвратительное! Грубый персонал!,negative
251,Ужасное питание на борту рейса SU186. Несвежие продукты!,negative
252,Стюардессы хамили пассажирам на рейсе SU266. Неприемлемо!,negative
253,Ужасное питание на борту рейса SU548. Несвежие продукты!,negative
254,Ужасное питание на борту рейса SU646. Несвежие продукты!,negative
255,Обслуживание на рейсе SU803 отвратительное! Грубый персонал!,negative
256,Грубое обслуживание на борту! Стюардессы игнорировали пассажиров!,negative
257,Не могу зарегистрироваться на рейс SU825! Сайт выдает ошибку!,negative
258,Не могу зарегистрироваться на рейс SU564! Сайт выдает ошибку!,negative
259,Очередь на регистрацию на рейс SU713 - 5 часа! Ужас!,negative
260,Регистрация закрылась за 29 минут до рейса! Не пустили!,negative
261,Регистрация закрылась за 15 минут до рейса! Не пустили!,negative
262,Онлайн-регистрация недоступна для рейса SU313! Почему?!,negative
263,Регистрация закрылась за 41 минут до рейса! Не пустили!,negative
264,Кошмарная организация регистрации! Пропустил рейс из-за очереди!,negative
265,Стойки регистрации на рейс SU406 работают медленно!,negative
266,Очередь на регистрацию на рейс SU667 - 1 часа! Ужас!,negative
267,Онлайн-регистрация недоступна для рейса SU991! Почему?!,negative
268,Онлайн-регистрация не работает! Застрял в аэропорту!,negative
269,Регистрация закрылась за 24 минут до рейса! Не пустили!,negative
270,Не могу зарегистрироваться на рейс SU424! Сайт выдает ошибку!,negative
271,Онлайн-регистрация недоступна для рейса SU672! Почему?!,negative
272,Очередь на регистрацию на рейс SU756 - 10 часа! Ужас!,negative
273,Очередь на регистрацию на рейс SU781 - 4 часа! Ужас!,negative
274,Онлайн-регистрация недоступна для рейса SU735! Почему?!,negative
275,Стойки регистрации на рейс SU544 работают медленно!,negative
276,Стойки регистрации на рейс SU969 работают медленно!,negative
277,Стойки регистрации на рейс SU570 работают медленно!,negative
278,Регистрация закрылась за 40 минут до рейса! Не пустили!,negative
279,Кошмарная организация регистрации! Пропустил рейс из-за очереди!,negative
280,Онлайн-регистрация недоступна для рейса SU386! Почему?!,negative
281,Онлайн-регистрация не работает! Застрял в аэропорту!,negative
282,Кошмарная организация регистрации! Пропустил рейс из-за очереди!,negative
283,Онлайн-регистрация не работает! Застрял в аэропорту!,negative
284,Онлайн-регистрация не работает! Застрял в аэропорту!,negative
285,Кошмарная организация регистрации! Пропустил рейс из-за очереди!,negative
286,Не могу зарегистрироваться на рейс SU352! Сайт выдает ошибку!,negative
287,Онлайн-регистрация не работает! Застрял в аэропорту!,negative
288,Не могу зарегистрироваться на рейс SU649! Сайт выдает ошибку!,negative
289,Онлайн-регистрация недоступна для рейса SU950! Почему?!,negative
290,Регистрация закрылась за 42 минут до рейса! Не пустили!,negative
291,Стойки регистрации на рейс SU964 работают медленно!,negative
292,Кошмарная организация регистрации! Пропустил рейс из-за очереди!,negative
293,Не могу зарегистрироваться на рейс SU533! Сайт выдает ошибку!,negative
294,Очередь на регистрацию на рейс SU994 - 2 часа! Ужас!,negative
295,Очередь на регистрацию на рейс SU935 - 3 часа! Ужас!,negative
296,Не могу зарегистрироваться на рейс SU814! Сайт выдает ошибку!,negative
297,Не могу зарегистрироваться на рейс SU855! Сайт выдает ошибку!,negative
298,Онлайн-регистрация не работает! Застрял в аэропорту!,negative
299,Цены на рейс SU998 взлетели в 4 раза за неделю! Это грабеж!,negative
300,Скрытые платежи при бронировании! Итоговая цена на 40% выше!,negative
301,Почему билеты такие дорогие?! Раньше было в 3 раза дешевле!,negative
302,Скрытые платежи при бронировании! Итоговая цена на 26% выше!,negative
303,Неоправданно высокие цены на багаж! 1600 рублей за чемодан!,negative
304,Дополнительные сборы не указаны при бронировании! Обман!,negative
305,Скрытые платежи при бронировании! Итоговая цена на 30% выше!,negative
306,Цены на рейс SU646 взлетели в 3 раза за неделю! Это грабеж!,negative
307,Дополнительные сборы не указаны при бронировании! Обман!,negative
308,Цены растут каждый день! Билет на SU715 стоит 3700 рублей!,negative
309,Цены на рейс SU489 взлетели в 2 раза за неделю! Это грабеж!,negative
310,Неоправданно высокие цены на багаж! 3300 рублей за чемодан!,negative
311,Цены растут каждый день! Билет на SU732 стоит 2900 рублей!,negative
312,Скрытые платежи при бронировании! Итоговая цена на 30% выше!,negative
313,Неоправданно высокие цены на багаж! 2000 рублей за чемодан!,negative
314,Скрытые платежи при бронировании! Итоговая цена на 31% выше!,negative
315,Цены на рейс SU280 взлетели в 4 раза за неделю! Это грабеж!,negative
316,Почему билеты такие дорогие?! Раньше было в 3 раза дешевле!,negative
317,Скрытые платежи при бронировании! Итоговая цена на 34% выше!,negative
318,Ваши тарифы самые дорогие на рынке! У конкурентов в 2 раза дешевле!,negative
319,Цены на рейс SU948 взлетели в 4 раза за неделю! Это грабеж!,negative
320,Почему билеты такие дорогие?! Раньше было в 4 раза дешевле!,negative
321,Почему билеты такие дорогие?! Раньше было в 3 раза дешевле!,negative
322,Скрытые платежи при бронировании! Итоговая цена на 36% выше!,negative
323,Дополнительные сборы не указаны при бронировании! Обман!,negative
324,Ваши тарифы самые дорогие на рынке! У конкурентов в 4 раза дешевле!,negative
325,Цены на рейс SU537 взлетели в 4 раза за неделю! Это грабеж!,negative
326,Неоправданно высокие цены на багаж! 2300 рублей за чемодан!,negative
327,Цены растут каждый день! Билет на SU271 стоит 2600 рублей!,negative
328,Почему билеты такие дорогие?! Раньше было в 4 раза дешевле!,negative
329,Дополнительные сборы не указаны при бронировании! Обман!,negative
330,Цены растут каждый день! Билет на SU907 стоит 1600 рублей!,negative
331,Почему билеты такие дорогие?! Раньше было в 4 раза дешевле!,negative
332,Цены на рейс SU198 взлетели в 3 раза за неделю! Это грабеж!,negative
333,Почему билеты такие дорогие?! Раньше было в 2 раза дешевле!,negative
334,Цены на рейс SU251 взлетели в 3 раза за неделю! Это грабеж!,negative
335,Скрытые платежи при бронировании! Итоговая цена на 45% выше!,negative
336,Дополнительные сборы не указаны при бронировании! Обман!,negative
337,Цены растут каждый день! Билет на SU803 стоит 2000 рублей!,negative
338,Почему билеты такие дорогие?! Раньше было в 4 раза дешевле!,negative
339,Скрытые платежи при бронировании! Итоговая цена на 45% выше!,negative
340,Цены на рейс SU687 взлетели в 2 раза за неделю! Это грабеж!,negative
341,"Потратил 30000 миль на билет, а получил ужасное место!",negative
342,Программа лояльности - обман! Мили не начисляются!,negative
343,Программа лояльности - обман! Мили не начисляются!,negative
344,Программа лояльности - обман! Мили не начисляются!,negative
345,Правила программы постоянно меняются не в пользу клиентов!,negative
346,Мили не начислились за рейс SU216! Уже 8 день жду!,negative
347,Мили не начислились за рейс SU724! Уже 12 день жду!,negative
348,Мили не начислились за рейс SU742! Уже 13 день жду!,negative
349,Программа лояльности не работает! Потерял все накопленные мили!,negative
350,Не могу использовать мили для оплаты билета! Система не принимает!,negative
351,Программа лояльности не работает! Потерял все накопленные мили!,negative
352,Мили не начислились за рейс SU565! Уже 9 день жду!,negative
353,Правила программы постоянно меняются не в пользу клиентов!,negative
354,Мили не начислились за рейс SU263! Уже 13 день жду!,negative
355,Программа лояльности не работает! Потерял все накопленные мили!,negative
356,Правила программы постоянно меняются не в пользу клиентов!,negative
357,Мили не начислились за рейс SU664! Уже 4 день жду!,negative
358,"Потратил 22000 миль на билет, а получил ужасное место!",negative
359,Не могу использовать мили для оплаты билета! Система не принимает!,negative
360,Правила программы постоянно меняются не в пользу клиентов!,negative
361,"Потратил 19000 миль на билет, а получил ужасное место!",negative
362,Не могу использовать мили для оплаты билета! Система не принимает!,negative
363,Мили не начислились за рейс SU119! Уже 7 день жду!,negative
364,"Потратил 58000 миль на билет, а получил ужасное место!",negative
365,Программа лояльности не работает! Потерял все накопленные мили!,negative
366,Мили сгорели без предупреждения! Это несправедливо!,negative
367,Программа лояльности не работает! Потерял все накопленные мили!,negative
368,"Потратил 18000 миль на билет, а получил ужасное место!",negative
369,Правила программы постоянно меняются не в пользу клиентов!,negative
370,Не могу использовать мили для оплаты билета! Система не принимает!,negative
371,Мили не начислились за рейс SU465! Уже 10 день жду!,negative
372,Правила программы постоянно меняются не в пользу клиентов!,negative
373,"Потратил 30000 миль на билет, а получил ужасное место!",negative
374,"Потратил 31000 миль на билет, а получил ужасное место!",negative
375,Не могу использовать мили для оплаты билета! Система не принимает!,negative
376,"Потратил 44000 миль на билет, а получил ужасное место!",negative
377,Программа лояльности не работает! Потерял все накопленные мили!,negative
378,Правила программы постоянно меняются не в пользу клиентов!,negative
379,Не могу использовать мили для оплаты билета! Система не принимает!,negative
380,Правила программы постоянно меняются не в пользу клиентов!,negative
381,"Потратил 49000 миль на билет, а получил ужасное место!",negative
382,Мили не начислились за рейс SU719! Уже 6 день жду!,negative
383,Оставляю официальную жалобу на работу персонала!,negative
384,Направлю жалобу в надзорные органы! Ваш сервис недопустим!,negative
385,Оставляю официальную жалобу на работу персонала!,negative
386,Это не первая проблема с вашей авиакомпанией! Буду писать везде!,negative
387,Это не первая проблема с вашей авиакомпанией! Буду писать везде!,negative
388,Это не первая проблема с вашей авиакомпанией! Буду писать везде!,negative
389,Оставляю официальную жалобу на работу персонала!,negative
390,Это не первая проблема с вашей авиакомпанией! Буду писать везде!,negative
391,Требую разбирательства и компенсации за испорченный отпуск!,negative
392,Жалоба на рейс SU483! Неприемлемое обращение с пассажирами!,negative
393,Хочу пожаловаться на хамское поведение сотрудника на регистрации!,negative
394,Подаю официальную жалобу на действия экипажа рейса SU467!,negative
395,Направлю жалобу в надзорные органы! Ваш сервис недопустим!,negative
396,Хочу пожаловаться на хамское поведение сотрудника на регистрации!,negative
397,Требую разбирательства и компенсации за испорченный отпуск!,negative
398,Направлю жалобу в надзорные органы! Ваш сервис недопустим!,negative
399,Хочу пожаловаться на хамское поведение сотрудника на регистрации!,negative
400,Требую разбирательства и компенсации за испорченный отпуск!,negative
401,Жалоба на рейс SU682! Неприемлемое обращение с пассажирами!,negative
402,Направлю жалобу в надзорные органы! Ваш сервис недопустим!,negative
403,Жалоба на рейс SU142! Неприемлемое обращение с пассажирами!,negative
404,Направлю жалобу в надзорные органы! Ваш сервис недопустим!,negative
405,Оставляю официальную жалобу на работу персонала!,negative
406,Требую разбирательства и компенсации за испорченный отпуск!,negative
407,Оставляю официальную жалобу на работу персонала!,negative
408,Это не первая проблема с вашей авиакомпанией! Буду писать везде!,negative
409,Это не первая проблема с вашей авиакомпанией! Буду писать везде!,negative
410,Подаю официальную жалобу на действия экипажа рейса SU974!,negative
411,Требую разбирательства и компенсации за испорченный отпуск!,negative
412,Направлю жалобу в надзорные органы! Ваш сервис недопустим!,negative
413,Это не первая проблема с вашей авиакомпанией! Буду писать везде!,negative
414,Это не первая проблема с вашей авиакомпанией! Буду писать везде!,negative
415,Жалоба на рейс SU162! Неприемлемое обращение с пассажирами!,negative
416,Хочу пожаловаться на хамское поведение сотрудника на регистрации!,negative
417,Оставляю официальную жалобу на работу персонала!,negative
418,Направлю жалобу в надзорные органы! Ваш сервис недопустим!,negative
419,Жалоба на рейс SU405! Неприемлемое обращение с пассажирами!,negative
420,Хочу пожаловаться на хамское поведение сотрудника на регистрации!,negative
421,Требую разбирательства и компенсации за испорченный отпуск!,negative
422,Это не первая проблема с вашей авиакомпанией! Буду писать везде!,negative
423,Требую разбирательства и компенсации за испорченный отпуск!,negative
424,Хочу пожаловаться на хамское поведение сотрудника на регистрации!,negative
425,Как оформить декларацию на поврежденный багаж?,neutral
426,Какой максимальный вес багажа разрешен на международных рейсах?,neutral
427,Можно ли добавить дополнительное место багажа к билету на рейс SU702?,neutral
428,"Подскажите, каковы правила провоза багажа на рейсе SU896?",neutral
429,Можно ли добавить дополнительное место багажа к билету на рейс SU174?,neutral
430,"Подскажите, каковы правила провоза багажа на рейсе SU440?",neutral
431,Как оформить декларацию на поврежденный багаж?,neutral
432,Можно ли добавить дополнительное место багажа к билету на рейс SU197?,neutral
433,Как оформить декларацию на поврежденный багаж?,neutral
434,Можно ли добавить дополнительное место багажа к билету на рейс SU703?,neutral
435,"Здравствуйте, как я могу отследить свой багаж с рейса SU752?",neutral
436,Какой максимальный вес багажа разрешен на международных рейсах?,neutral
437,Какие предметы запрещены в ручной клади?,neutral
438,"Подскажите, каковы правила провоза багажа на рейсе SU590?",neutral
439,"Здравствуйте, как я могу отследить свой багаж с рейса SU406?",neutral
440,Как оформить декларацию на поврежденный багаж?,neutral
441,Какие предметы запрещены в ручной клади?,neutral
442,Какие предметы запрещены в ручной клади?,neutral
443,Как оформить декларацию на поврежденный багаж?,neutral
444,Какой максимальный вес багажа разрешен на международных рейсах?,neutral
445,Какие предметы запрещены в ручной клади?,neutral
446,Как оформить декларацию на поврежденный багаж?,neutral
447,Какой максимальный вес багажа разрешен на международных рейсах?,neutral
448,Какие предметы запрещены в ручной клади?,neutral
449,"Здравствуйте, как я могу отследить свой багаж с рейса SU961?",neutral
450,Какие предметы запрещены в ручной клади?,neutral
451,Как оформить декларацию на поврежденный багаж?,neutral
452,Какие предметы запрещены в ручной клади?,neutral
453,"Здравствуйте, как я могу отследить свой багаж с рейса SU575?",neutral
454,Какой максимальный вес багажа разрешен на международных рейсах?,neutral
455,Какова процедура получения багажа в аэропорту назначения?,neutral
456,"Подскажите, каковы правила провоза багажа на рейсе SU867?",neutral
457,Какие способы оплаты доступны при бронировании?,neutral
458,Какие способы оплаты доступны при бронировании?,neutral
459,Можно ли изменить дату бронирования после покупки билета?,neutral
460,Как я могу забронировать билет на рейс SU578 через ваш сайт?,neutral
461,Какие документы нужны для бронирования международного рейса?,neutral
462,Как я могу забронировать билет на рейс SU812 через ваш сайт?,neutral
463,Какие документы нужны для бронирования международного рейса?,neutral
464,Какие документы нужны для бронирования международного рейса?,neutral
465,Какие способы оплаты доступны при бронировании?,neutral
466,Можно ли изменить дату бронирования после покупки билета?,neutral
467,Какие способы оплаты доступны при бронировании?,neutral
468,Можно ли изменить дату бронирования после покупки билета?,neutral
469,"Подскажите, можно ли забронировать места для группы из 6 человек?",neutral
470,Какие способы оплаты доступны при бронировании?,neutral
471,"Подскажите, можно ли забронировать места для группы из 8 человек?",neutral
472,"Подскажите, можно ли забронировать места для группы из 9 человек?",neutral
473,"Подскажите, можно ли забронировать места для группы из 5 человек?",neutral
474,Какие способы оплаты доступны при бронировании?,neutral
475,Какие способы оплаты доступны при бронировании?,neutral
476,Какие документы нужны для бронирования международного рейса?,neutral
477,Как работает система выбора мест при бронировании?,neutral
478,Можно ли изменить дату бронирования после покупки билета?,neutral
479,Как работает система выбора мест при бронировании?,neutral
480,Как я могу забронировать билет на рейс SU583 через ваш сайт?,neutral
481,"Подскажите, можно ли забронировать места для группы из 5 человек?",neutral
482,Как работает система выбора мест при бронировании?,neutral
483,Как работает система выбора мест при бронировании?,neutral
484,Какие способы оплаты доступны при бронировании?,neutral
485,Какие способы оплаты доступны при бронировании?,neutral
486,Как я могу забронировать билет на рейс SU958 через ваш сайт?,neutral
487,Какие документы нужны для бронирования международного рейса?,neutral
488,Как я могу забронировать билет на рейс SU238 через ваш сайт?,neutral
489,Какая компенсация полагается при отмене рейса SU477?,neutral
490,Какая компенсация полагается при отмене рейса SU857?,neutral
491,Какая компенсация полагается при отмене рейса SU559?,neutral
492,Можно ли пересадить меня на другой рейс вместо отмененного SU460?,neutral
493,Подскажите процедуру возврата средств при отмене рейса авиакомпанией.,neutral
494,"Что делать, если рейс отменен за 9 часов до вылета?",neutral
495,"Что делать, если рейс отменен за 5 часов до вылета?",neutral
496,"Что делать, если рейс отменен за 8 часов до вылета?",neutral
497,Можно ли пересадить меня на другой рейс вместо отмененного SU176?,neutral
498,"Что делать, если рейс отменен за 4 часов до вылета?",neutral
499,Подскажите процедуру возврата средств при отмене рейса авиакомпанией.,neutral
500,"Добрый день, мой рейс SU334 был отменен. Какие у меня варианты?",neutral
501,Подскажите процедуру возврата средств при отмене рейса авиакомпанией.,neutral
502,Какая компенсация полагается при отмене рейса SU682?,neutral
503,"Что делать, если рейс отменен за 3 часов до вылета?",neutral
504,Какая компенсация полагается при отмене рейса SU419?,neutral
505,"Добрый день, мой рейс SU546 был отменен. Какие у меня варианты?",neutral
506,Подскажите процедуру возврата средств при отмене рейса авиакомпанией.,neutral
507,Подскажите процедуру возврата средств при отмене рейса авиакомпанией.,neutral
508,Подскажите процедуру возврата средств при отмене рейса авиакомпанией.,neutral
509,Подскажите процедуру возврата средств при отмене рейса авиакомпанией.,neutral
510,Подскажите процедуру возврата средств при отмене рейса авиакомпанией.,neutral
511,Можно ли пересадить меня на другой рейс вместо отмененного SU752?,neutral
512,Можно ли пересадить меня на другой рейс вместо отмененного SU151?,neutral
513,"Добрый день, мой рейс SU985 был отменен. Какие у меня варианты?",neutral
514,Можно ли пересадить меня на другой рейс вместо отмененного SU262?,neutral
515,Какая компенсация полагается при отмене рейса SU469?,neutral
516,"Добрый день, мой рейс SU914 был отменен. Какие у меня варианты?",neutral
517,"Что делать, если рейс отменен за 7 часов до вылета?",neutral
518,"Что делать, если рейс отменен за 3 часов до вылета?",neutral
519,"Добрый день, мой рейс SU520 был отменен. Какие у меня варианты?",neutral
520,"Добрый день, мой рейс SU159 был отменен. Какие у меня варианты?",neutral
521,Можно ли узнать актуальную информацию по задержке рейса SU130?,neutral
522,Какие права у пассажиров при задержке рейса более 9 часов?,neutral
523,"Здравствуйте, когда ожидается вылет рейса SU547? Есть задержка.",neutral
524,"Подскажите, положена ли компенсация при задержке рейса на 1 часов?",neutral
525,"Здравствуйте, когда ожидается вылет рейса SU719? Есть задержка.",neutral
526,"Здравствуйте, когда ожидается вылет рейса SU834? Есть задержка.",neutral
527,"Подскажите, положена ли компенсация при задержке рейса на 4 часов?",neutral
528,"Здравствуйте, когда ожидается вылет рейса SU634? Есть задержка.",neutral
529,Какова причина задержки рейса SU200 и когда планируется вылет?,neutral
530,"Подскажите, положена ли компенсация при задержке рейса на 10 часов?",neutral
531,Какова причина задержки рейса SU563 и когда планируется вылет?,neutral
532,Какова причина задержки рейса SU180 и когда планируется вылет?,neutral
533,Какие права у пассажиров при задержке рейса более 7 часов?,neutral
534,Какова причина задержки рейса SU828 и когда планируется вылет?,neutral
535,Можно ли узнать актуальную информацию по задержке рейса SU808?,neutral
536,Какова причина задержки рейса SU378 и когда планируется вылет?,neutral
537,Можно ли узнать актуальную информацию по задержке рейса SU768?,neutral
538,"Подскажите, положена ли компенсация при задержке рейса на 3 часов?",neutral
539,"Здравствуйте, когда ожидается вылет рейса SU195? Есть задержка.",neutral
540,"Подскажите, положена ли компенсация при задержке рейса на 5 часов?",neutral
541,Какова причина задержки рейса SU736 и когда планируется вылет?,neutral
542,Какие права у пассажиров при задержке рейса более 10 часов?,neutral
543,Какие права у пассажиров при задержке рейса более 10 часов?,neutral
544,Можно ли узнать актуальную информацию по задержке рейса SU265?,neutral
545,Какие права у пассажиров при задержке рейса более 7 часов?,neutral
546,Можно ли узнать актуальную информацию по задержке рейса SU119?,neutral
547,Можно ли узнать актуальную информацию по задержке рейса SU592?,neutral
548,Какова причина задержки рейса SU871 и когда планируется вылет?,neutral
549,"Подскажите, положена ли компенсация при задержке рейса на 8 часов?",neutral
550,Какие права у пассажиров при задержке рейса более 2 часов?,neutral
551,"Подскажите, положена ли компенсация при задержке рейса на 4 часов?",neutral
552,Можно ли узнать актуальную информацию по задержке рейса SU809?,neutral
553,Подскажите сроки возврата денег после отмены бронирования.,neutral
554,Подскажите сроки возврата денег после отмены бронирования.,neutral
555,Какие условия возврата средств при отмене билета заранее?,neutral
556,Можно ли вернуть часть стоимости билета на рейс SU853?,neutral
557,Какие условия возврата средств при отмене билета заранее?,neutral
558,"Здравствуйте, как оформить возврат билета на рейс SU991?",neutral
559,Можно ли вернуть часть стоимости билета на рейс SU315?,neutral
560,Подскажите сроки возврата денег после отмены бронирования.,neutral
561,Подскажите сроки возврата денег после отмены бронирования.,neutral
562,Какие условия возврата средств при отмене билета заранее?,neutral
563,Подскажите сроки возврата денег после отмены бронирования.,neutral
564,Какие документы нужны для оформления возврата билета?,neutral
565,Какие условия возврата средств при отмене билета заранее?,neutral
566,Какие документы нужны для оформления возврата билета?,neutral
567,Можно ли вернуть часть стоимости билета на рейс SU282?,neutral
568,Можно ли вернуть часть стоимости билета на рейс SU205?,neutral
569,Какие условия возврата средств при отмене билета заранее?,neutral
570,"Здравствуйте, как оформить возврат билета на рейс SU377?",neutral
571,Какие документы нужны для оформления возврата билета?,neutral
572,Подскажите сроки возврата денег после отмены бронирования.,neutral
573,"Здравствуйте, как оформить возврат билета на рейс SU301?",neutral
574,"Здравствуйте, как оформить возврат билета на рейс SU564?",neutral
575,Можно ли вернуть часть стоимости билета на рейс SU881?,neutral
576,Какие условия возврата средств при отмене билета заранее?,neutral
577,"Здравствуйте, как оформить возврат билета на рейс SU499?",neutral
578,Какие условия возврата средств при отмене билета заранее?,neutral
579,Подскажите сроки возврата денег после отмены бронирования.,neutral
580,Какие документы нужны для оформления возврата билета?,neutral
581,"Здравствуйте, как оформить возврат билета на рейс SU859?",neutral
582,"Здравствуйте, как оформить возврат билета на рейс SU583?",neutral
583,Подскажите сроки возврата денег после отмены бронирования.,neutral
584,"Здравствуйте, как оформить возврат билета на рейс SU616?",neutral
585,Какие развлекательные программы доступны на борту?,neutral
586,Какое питание предусмотрено на рейсе SU510 продолжительностью 10 часов?,neutral
587,"Подскажите, есть ли Wi-Fi на рейсе SU322?",neutral
588,Какое питание предусмотрено на рейсе SU853 продолжительностью 3 часов?,neutral
589,Какие развлекательные программы доступны на борту?,neutral
590,Какое питание предусмотрено на рейсе SU688 продолжительностью 1 часов?,neutral
591,"Подскажите, есть ли Wi-Fi на рейсе SU170?",neutral
592,"Подскажите, есть ли Wi-Fi на рейсе SU200?",neutral
593,Какое питание предусмотрено на рейсе SU453 продолжительностью 10 часов?,neutral
594,"Подскажите, есть ли Wi-Fi на рейсе SU242?",neutral
595,"Подскажите, есть ли Wi-Fi на рейсе SU908?",neutral
596,Можно ли получить дополнительное одеяло во время полета?,neutral
597,"Подскажите, есть ли Wi-Fi на рейсе SU728?",neutral
598,Какое питание предусмотрено на рейсе SU290 продолжительностью 7 часов?,neutral
599,Какое питание предусмотрено на рейсе SU493 продолжительностью 2 часов?,neutral
600,Какие развлекательные программы доступны на борту?,neutral
601,"Подскажите, есть ли Wi-Fi на рейсе SU394?",neutral
602,Какие развлекательные программы доступны на борту?,neutral
603,Можно ли получить дополнительное одеяло во время полета?,neutral
604,"Подскажите, есть ли Wi-Fi на рейсе SU562?",neutral
605,Какие развлекательные программы доступны на борту?,neutral
606,Можно ли заказать специальное меню на борту?,neutral
607,Можно ли получить дополнительное одеяло во время полета?,neutral
608,"Подскажите, есть ли Wi-Fi на рейсе SU630?",neutral
609,"Подскажите, есть ли Wi-Fi на рейсе SU506?",neutral
610,Можно ли получить дополнительное одеяло во время полета?,neutral
611,"Подскажите, есть ли Wi-Fi на рейсе SU486?",neutral
612,Какое питание предусмотрено на рейсе SU997 продолжительностью 4 часов?,neutral
613,Можно ли получить дополнительное одеяло во время полета?,neutral
614,Какие развлекательные программы доступны на борту?,neutral
615,Какие развлекательные программы доступны на борту?,neutral
616,Какие развлекательные программы доступны на борту?,neutral
617,За сколько времени до вылета открывается регистрация на рейс?,neutral
618,"Здравствуйте, как пройти онлайн-регистрацию на рейс SU933?",neutral
619,"Подскажите, где находится стойка регистрации на рейс SU338?",neutral
620,"Здравствуйте, как пройти онлайн-регистрацию на рейс SU804?",neutral
621,Можно ли зарегистрироваться на рейс SU750 в мобильном приложении?,neutral
622,За сколько времени до вылета открывается регистрация на рейс?,neutral
623,За сколько времени до вылета открывается регистрация на рейс?,neutral
624,"Подскажите, где находится стойка регистрации на рейс SU366?",neutral
625,Какие документы нужны для регистрации на международный рейс?,neutral
626,Можно ли зарегистрироваться на рейс SU454 в мобильном приложении?,neutral
627,"Подскажите, где находится стойка регистрации на рейс SU225?",neutral
628,Какие документы нужны для регистрации на международный рейс?,neutral
629,"Подскажите, где находится стойка регистрации на рейс SU746?",neutral
630,"Подскажите, где находится стойка регистрации на рейс SU597?",neutral
631,Можно ли зарегистрироваться на рейс SU682 в мобильном приложении?,neutral
632,За сколько времени до вылета открывается регистрация на рейс?,neutral
633,Какие документы нужны для регистрации на международный рейс?,neutral
634,За сколько времени до вылета открывается регистрация на рейс?,neutral
635,"Подскажите, где находится стойка регистрации на рейс SU724?",neutral
636,За сколько времени до вылета открывается регистрация на рейс?,neutral
637,Можно ли зарегистрироваться на рейс SU717 в мобильном приложении?,neutral
638,За сколько времени до вылета открывается регистрация на рейс?,neutral
639,За сколько времени до вылета открывается регистрация на рейс?,neutral
640,"Подскажите, где находится стойка регистрации на рейс SU717?",neutral
641,За сколько времени до вылета открывается регистрация на рейс?,neutral
642,За сколько времени до вылета открывается регистрация на рейс?,neutral
643,"Подскажите, где находится стойка регистрации на рейс SU357?",neutral
644,Можно ли зарегистрироваться на рейс SU754 в мобильном приложении?,neutral
645,"Здравствуйте, как пройти онлайн-регистрацию на рейс SU475?",neutral
646,Можно ли зарегистрироваться на рейс SU559 в мобильном приложении?,neutral
647,Какие документы нужны для регистрации на международный рейс?,neutral
648,Можно ли зарегистрироваться на рейс SU138 в мобильном приложении?,neutral
649,Когда обычно бывают скидки на билеты?,neutral
650,Когда обычно бывают скидки на билеты?,neutral
651,"Какая разница между тарифами ""эконом"" и ""гибкий""?",neutral
652,Когда обычно бывают скидки на билеты?,neutral
653,Можно ли узнать о специальных предложениях на ближайшие даты?,neutral
654,"Подскажите, какие тарифы доступны на рейс SU515?",neutral
655,"Подскажите, какие тарифы доступны на рейс SU136?",neutral
656,"Подскажите, какие тарифы доступны на рейс SU130?",neutral
657,Можно ли узнать о специальных предложениях на ближайшие даты?,neutral
658,Можно ли узнать о специальных предложениях на ближайшие даты?,neutral
659,Можно ли узнать о специальных предложениях на ближайшие даты?,neutral
660,Когда обычно бывают скидки на билеты?,neutral
661,"Подскажите, какие тарифы доступны на рейс SU149?",neutral
662,Можно ли узнать о специальных предложениях на ближайшие даты?,neutral
663,Как формируется цена билета на рейс SU181?,neutral
664,"Какая разница между тарифами ""эконом"" и ""гибкий""?",neutral
665,Как формируется цена билета на рейс SU872?,neutral
666,Когда обычно бывают скидки на билеты?,neutral
667,"Какая разница между тарифами ""эконом"" и ""гибкий""?",neutral
668,Как формируется цена билета на рейс SU931?,neutral
669,Когда обычно бывают скидки на билеты?,neutral
670,Когда обычно бывают скидки на билеты?,neutral
671,Как формируется цена билета на рейс SU335?,neutral
672,"Подскажите, какие тарифы доступны на рейс SU728?",neutral
673,Как формируется цена билета на рейс SU492?,neutral
674,Можно ли узнать о специальных предложениях на ближайшие даты?,neutral
675,Можно ли узнать о специальных предложениях на ближайшие даты?,neutral
676,Как формируется цена билета на рейс SU298?,neutral
677,"Подскажите, какие тарифы доступны на рейс SU590?",neutral
678,"Какая разница между тарифами ""эконом"" и ""гибкий""?",neutral
679,Как формируется цена билета на рейс SU788?,neutral
680,"Подскажите, какие тарифы доступны на рейс SU556?",neutral
681,Какие преимущества дает статус Платиновый в программе лояльности?,neutral
682,Какие преимущества дает статус Золотой в программе лояльности?,neutral
683,Какие преимущества дает статус Серебряный в программе лояльности?,neutral
684,"Здравствуйте, как вступить в программу лояльности?",neutral
685,Можно ли использовать мили для оплаты дополнительного багажа?,neutral
686,Какой срок действия накопленных миль?,neutral
687,"Здравствуйте, как вступить в программу лояльности?",neutral
688,Можно ли использовать мили для оплаты дополнительного багажа?,neutral
689,"Подскажите, как начисляются мили за рейс SU725?",neutral
690,"Подскажите, как начисляются мили за рейс SU250?",neutral
691,Какие преимущества дает статус Платиновый в программе лояльности?,neutral
692,Какой срок действия накопленных миль?,neutral
693,Какой срок действия накопленных миль?,neutral
694,"Подскажите, как начисляются мили за рейс SU125?",neutral
695,Какие преимущества дает статус Платиновый в программе лояльности?,neutral
696,Можно ли использовать мили для оплаты дополнительного багажа?,neutral
697,Какой срок действия накопленных миль?,neutral
698,Какие преимущества дает статус Серебряный в программе лояльности?,neutral
699,"Подскажите, как начисляются мили за рейс SU658?",neutral
700,"Здравствуйте, как вступить в программу лояльности?",neutral
701,Какой срок действия накопленных миль?,neutral
702,"Подскажите, как начисляются мили за рейс SU587?",neutral
703,"Подскажите, как начисляются мили за рейс SU962?",neutral
704,Какой срок действия накопленных миль?,neutral
705,"Здравствуйте, как вступить в программу лояльности?",neutral
706,Какой срок действия накопленных миль?,neutral
707,Какой срок действия накопленных миль?,neutral
708,"Подскажите, как начисляются мили за рейс SU357?",neutral
709,Какой срок действия накопленных миль?,neutral
710,Какой срок действия накопленных миль?,neutral
711,"Здравствуйте, как вступить в программу лояльности?",neutral
712,"Здравствуйте, как я могу оставить официальную жалобу?",neutral
713,Куда отправить письменную жалобу по поводу рейса SU582?,neutral
714,"Здравствуйте, как я могу оставить официальную жалобу?",neutral
715,"Здравствуйте, как я могу оставить официальную жалобу?",neutral
716,Можно ли подать жалобу через мобильное приложение?,neutral
717,Подскажите процедуру рассмотрения жалоб пассажиров.,neutral
718,"Здравствуйте, как я могу оставить официальную жалобу?",neutral
719,"Здравствуйте, как я могу оставить официальную жалобу?",neutral
720,Куда отправить письменную жалобу по поводу рейса SU261?,neutral
721,Подскажите процедуру рассмотрения жалоб пассажиров.,neutral
722,Подскажите процедуру рассмотрения жалоб пассажиров.,neutral
723,"Здравствуйте, как я могу оставить официальную жалобу?",neutral
724,Подскажите процедуру рассмотрения жалоб пассажиров.,neutral
725,Можно ли подать жалобу через мобильное приложение?,neutral
726,"Здравствуйте, как я могу оставить официальную жалобу?",neutral
727,Можно ли подать жалобу через мобильное приложение?,neutral
728,Подскажите процедуру рассмотрения жалоб пассажиров.,neutral
729,"Здравствуйте, как я могу оставить официальную жалобу?",neutral
730,Какие сроки рассмотрения жалоб в вашей компании?,neutral
731,Какие сроки рассмотрения жалоб в вашей компании?,neutral
732,Подскажите процедуру рассмотрения жалоб пассажиров.,neutral
733,"Здравствуйте, как я могу оставить официальную жалобу?",neutral
734,Можно ли подать жалобу через мобильное приложение?,neutral
735,Какие сроки рассмотрения жалоб в вашей компании?,neutral
736,Можно ли подать жалобу через мобильное приложение?,neutral
737,Какие сроки рассмотрения жалоб в вашей компании?,neutral
738,Подскажите процедуру рассмотрения жалоб пассажиров.,neutral
739,Какие сроки рассмотрения жалоб в вашей компании?,neutral
740,Можно ли подать жалобу через мобильное приложение?,neutral
741,Можно ли подать жалобу через мобильное приложение?,neutral
742,"Здравствуйте, как я могу оставить официальную жалобу?",neutral
743,Очень довольна сервисом доставки багажа. Всё пришло вовремя.,positive
744,Спасибо большое за помощь с поиском моего багажа! Всё нашли быстро.,positive
745,Отличная работа службы багажа! Доставили чемодан в отель в течение 6 часов.,positive
746,Спасибо большое за помощь с поиском моего багажа! Всё нашли быстро.,positive
747,Багажная служба работает отлично! Нашли мой чемодан за 10 часа.,positive
748,Спасибо за профессиональную помощь с багажом на рейсе SU938!,positive
749,Багажная служба работает отлично! Нашли мой чемодан за 1 часа.,positive
750,Очень довольна сервисом доставки багажа. Всё пришло вовремя.,positive
751,Спасибо большое за помощь с поиском моего багажа! Всё нашли быстро.,positive
752,Очень довольна сервисом доставки багажа. Всё пришло вовремя.,positive
753,Спасибо большое за помощь с поиском моего багажа! Всё нашли быстро.,positive
754,Спасибо за профессиональную помощь с багажом на рейсе SU948!,positive
755,Багажная служба работает отлично! Нашли мой чемодан за 2 часа.,positive
756,Спасибо большое за помощь с поиском моего багажа! Всё нашли быстро.,positive
757,Благодарю за оперативное решение вопроса с поврежденным багажом.,positive
758,Багажная служба работает отлично! Нашли мой чемодан за 1 часа.,positive
759,Спасибо за профессиональную помощь с багажом на рейсе SU334!,positive
760,Спасибо большое за помощь с поиском моего багажа! Всё нашли быстро.,positive
761,Благодарю за оперативное решение вопроса с поврежденным багажом.,positive
762,Отличная работа службы багажа! Доставили чемодан в отель в течение 10 часов.,positive
763,Отличная работа службы багажа! Доставили чемодан в отель в течение 3 часов.,positive
764,Спасибо за профессиональную помощь с багажом на рейсе SU215!,positive
765,Спасибо большое за помощь с поиском моего багажа! Всё нашли быстро.,positive
766,Багажная служба работает отлично! Нашли мой чемодан за 4 часа.,positive
767,Багажная служба работает отлично! Нашли мой чемодан за 2 часа.,positive
768,Благодарю за оперативное решение вопроса с поврежденным багажом.,positive
769,Отличная работа службы багажа! Доставили чемодан в отель в течение 3 часов.,positive
770,Спасибо за профессиональную помощь с багажом на рейсе SU216!,positive
771,Отличная работа службы багажа! Доставили чемодан в отель в течение 5 часов.,positive
772,Спасибо большое за помощь с поиском моего багажа! Всё нашли быстро.,positive
773,Отличная работа службы багажа! Доставили чемодан в отель в течение 9 часов.,positive
774,Багажная служба работает отлично! Нашли мой чемодан за 6 часа.,positive
775,Благодарю за помощь с бронированием билетов на рейс SU187!,positive
776,Забронировала билеты очень легко! Интуитивно понятный интерфейс.,positive
777,Очень довольна процессом бронирования. Всё понятно и просто.,positive
778,Забронировала билеты очень легко! Интуитивно понятный интерфейс.,positive
779,Благодарю за помощь с бронированием билетов на рейс SU572!,positive
780,Благодарю за помощь с бронированием билетов на рейс SU565!,positive
781,Очень довольна процессом бронирования. Всё понятно и просто.,positive
782,Спасибо за удобную систему бронирования. Всё прошло быстро.,positive
783,Забронировала билеты очень легко! Интуитивно понятный интерфейс.,positive
784,Спасибо за удобную систему бронирования. Всё прошло быстро.,positive
785,Очень довольна процессом бронирования. Всё понятно и просто.,positive
786,Спасибо за удобную систему бронирования. Всё прошло быстро.,positive
787,Благодарю за помощь с бронированием билетов на рейс SU630!,positive
788,Спасибо за удобную систему бронирования. Всё прошло быстро.,positive
789,Благодарю за помощь с бронированием билетов на рейс SU240!,positive
790,Очень довольна процессом бронирования. Всё понятно и просто.,positive
791,Забронировала билеты очень легко! Интуитивно понятный интерфейс.,positive
792,Отличный сервис бронирования! Купила билеты за 15 минут.,positive
793,Очень довольна процессом бронирования. Всё понятно и просто.,positive
794,Забронировала билеты очень легко! Интуитивно понятный интерфейс.,positive
795,Благодарю за помощь с бронированием билетов на рейс SU724!,positive
796,Забронировала билеты очень легко! Интуитивно понятный интерфейс.,positive
797,Благодарю за помощь с бронированием билетов на рейс SU807!,positive
798,Спасибо за удобную систему бронирования. Всё прошло быстро.,positive
799,Очень довольна процессом бронирования. Всё понятно и просто.,positive
800,Спасибо за удобную систему бронирования. Всё прошло быстро.,positive
801,Отличный сервис бронирования! Купила билеты за 36 минут.,positive
802,Спасибо за удобную систему бронирования. Всё прошло быстро.,positive
803,Очень довольна процессом бронирования. Всё понятно и просто.,positive
804,Очень довольна процессом бронирования. Всё понятно и просто.,positive
805,Благодарю за помощь с бронированием билетов на рейс SU616!,positive
806,Забронировала билеты очень легко! Интуитивно понятный интерфейс.,positive
807,"Несмотря на отмену рейса, персонал помог решить все вопросы.",positive
808,Спасибо за оперативную помощь при отмене рейса SU403. Пересадили на следующий.,positive
809,Спасибо за оперативную помощь при отмене рейса SU474. Пересадили на следующий.,positive
810,Спасибо за оперативную помощь при отмене рейса SU550. Пересадили на следующий.,positive
811,Спасибо за профессионализм при отмене рейса SU498!,positive
812,Оценила вашу заботу о пассажирах при отмене рейса.,positive
813,Спасибо за профессионализм при отмене рейса SU635!,positive
814,Оценила вашу заботу о пассажирах при отмене рейса.,positive
815,Благодарю за компенсацию и быструю пересадку на другой рейс.,positive
816,Спасибо за профессионализм при отмене рейса SU684!,positive
817,Благодарю за компенсацию и быструю пересадку на другой рейс.,positive
818,"Несмотря на отмену рейса, персонал помог решить все вопросы.",positive
819,Спасибо за профессионализм при отмене рейса SU445!,positive
820,Оценила вашу заботу о пассажирах при отмене рейса.,positive
821,"Несмотря на отмену рейса, персонал помог решить все вопросы.",positive
822,"Несмотря на отмену рейса, персонал помог решить все вопросы.",positive
823,"Несмотря на отмену рейса, персонал помог решить все вопросы.",positive
824,Спасибо за профессионализм при отмене рейса SU585!,positive
825,"Несмотря на отмену рейса, персонал помог решить все вопросы.",positive
826,"Несмотря на отмену рейса, персонал помог решить все вопросы.",positive
827,Спасибо за профессионализм при отмене рейса SU344!,positive
828,Благодарю за компенсацию и быструю пересадку на другой рейс.,positive
829,Спасибо за оперативную помощь при отмене рейса SU630. Пересадили на следующий.,positive
830,Спасибо за оперативную помощь при отмене рейса SU550. Пересадили на следующий.,positive
831,Оценила вашу заботу о пассажирах при отмене рейса.,positive
832,Спасибо за оперативную помощь при отмене рейса SU460. Пересадили на следующий.,positive
833,Спасибо за профессионализм при отмене рейса SU347!,positive
834,Спасибо за оперативную помощь при отмене рейса SU500. Пересадили на следующий.,positive
835,Спасибо за профессионализм при отмене рейса SU609!,positive
836,Оценила вашу заботу о пассажирах при отмене рейса.,positive
837,Спасибо за профессионализм при отмене рейса SU746!,positive
838,Спасибо за профессионализм при отмене рейса SU605!,positive
839,Оцениваю профессионализм команды во время задержки рейса SU313.,positive
840,Оцениваю профессионализм команды во время задержки рейса SU848.,positive
841,Спасибо за информирование о задержке рейса SU116 и организацию питания.,positive
842,"Несмотря на задержку, экипаж делал всё возможное для комфорта.",positive
843,"Несмотря на задержку, экипаж делал всё возможное для комфорта.",positive
844,"Несмотря на задержку, экипаж делал всё возможное для комфорта.",positive
845,Благодарю персонал за заботу во время задержки. Предложили напитки.,positive
846,Спасибо за информирование о задержке рейса SU897 и организацию питания.,positive
847,Спасибо за компенсацию и понимание неудобств из-за задержки.,positive
848,Спасибо за информирование о задержке рейса SU136 и организацию питания.,positive
849,Спасибо за компенсацию и понимание неудобств из-за задержки.,positive
850,Спасибо за информирование о задержке рейса SU968 и организацию питания.,positive
851,Спасибо за информирование о задержке рейса SU418 и организацию питания.,positive
852,"Несмотря на задержку, экипаж делал всё возможное для комфорта.",positive
853,Спасибо за компенсацию и понимание неудобств из-за задержки.,positive
854,"Несмотря на задержку, экипаж делал всё возможное для комфорта.",positive
855,Благодарю персонал за заботу во время задержки. Предложили напитки.,positive
856,"Несмотря на задержку, экипаж делал всё возможное для комфорта.",positive
857,Благодарю персонал за заботу во время задержки. Предложили напитки.,positive
858,Благодарю персонал за заботу во время задержки. Предложили напитки.,positive
859,Спасибо за информирование о задержке рейса SU539 и организацию питания.,positive
860,Благодарю персонал за заботу во время задержки. Предложили напитки.,positive
861,"Несмотря на задержку, экипаж делал всё возможное для комфорта.",positive
862,Спасибо за информирование о задержке рейса SU852 и организацию питания.,positive
863,Оцениваю профессионализм команды во время задержки рейса SU690.,positive
864,Спасибо за информирование о задержке рейса SU385 и организацию питания.,positive
865,"Несмотря на задержку, экипаж делал всё возможное для комфорта.",positive
866,Спасибо за компенсацию и понимание неудобств из-за задержки.,positive
867,Оцениваю профессионализм команды во время задержки рейса SU450.,positive
868,"Несмотря на задержку, экипаж делал всё возможное для комфорта.",positive
869,Оцениваю профессионализм команды во время задержки рейса SU774.,positive
870,Спасибо за компенсацию и понимание неудобств из-за задержки.,positive
871,Благодарю за понимание и оперативный возврат стоимости билета.,positive
872,Спасибо за быстрый возврат средств! Деньги вернулись за 10 дней.,positive
873,Отличная работа отдела возвратов! Всё прошло без проблем.,positive
874,Благодарю за понимание и оперативный возврат стоимости билета.,positive
875,Отличная работа отдела возвратов! Всё прошло без проблем.,positive
876,Спасибо за быстрый возврат средств! Деньги вернулись за 11 дней.,positive
877,Очень довольна процессом возврата. Всё быстро и профессионально.,positive
878,Спасибо за помощь с оформлением возврата за рейс SU377.,positive
879,Спасибо за помощь с оформлением возврата за рейс SU607.,positive
880,Спасибо за быстрый возврат средств! Деньги вернулись за 2 дней.,positive
881,Спасибо за быстрый возврат средств! Деньги вернулись за 7 дней.,positive
882,Спасибо за помощь с оформлением возврата за рейс SU417.,positive
883,Очень довольна процессом возврата. Всё быстро и профессионально.,positive
884,Отличная работа отдела возвратов! Всё прошло без проблем.,positive
885,Благодарю за понимание и оперативный возврат стоимости билета.,positive
886,Спасибо за быстрый возврат средств! Деньги вернулись за 10 дней.,positive
887,Благодарю за понимание и оперативный возврат стоимости билета.,positive
888,Очень довольна процессом возврата. Всё быстро и профессионально.,positive
889,Спасибо за помощь с оформлением возврата за рейс SU251.,positive
890,Благодарю за понимание и оперативный возврат стоимости билета.,positive
891,Очень довольна процессом возврата. Всё быстро и профессионально.,positive
892,Благодарю за понимание и оперативный возврат стоимости билета.,positive
893,Спасибо за помощь с оформлением возврата за рейс SU717.,positive
894,Отличная работа отдела возвратов! Всё прошло без проблем.,positive
895,Спасибо за быстрый возврат средств! Деньги вернулись за 11 дней.,positive
896,Благодарю за понимание и оперативный возврат стоимости билета.,positive
897,Очень довольна процессом возврата. Всё быстро и профессионально.,positive
898,Благодарю за понимание и оперативный возврат стоимости билета.,positive
899,Спасибо за быстрый возврат средств! Деньги вернулись за 14 дней.,positive
900,Спасибо за помощь с оформлением возврата за рейс SU968.,positive
901,Спасибо за помощь с оформлением возврата за рейс SU924.,positive
902,Отличная работа отдела возвратов! Всё прошло без проблем.,positive
903,Очень комфортный полет благодаря заботливому персоналу!,positive
904,Благодарю экипаж рейса SU261 за профессионализм и доброжелательность.,positive
905,Очень комфортный полет благодаря заботливому персоналу!,positive
906,Прекрасное обслуживание на рейсе SU295! Экипаж очень внимательный.,positive
907,Благодарю экипаж рейса SU812 за профессионализм и доброжелательность.,positive
908,Прекрасное обслуживание на рейсе SU221! Экипаж очень внимательный.,positive
909,Прекрасное обслуживание на рейсе SU636! Экипаж очень внимательный.,positive
910,Прекрасное обслуживание на рейсе SU120! Экипаж очень внимательный.,positive
911,Очень комфортный полет благодаря заботливому персоналу!,positive
912,Прекрасное обслуживание на рейсе SU619! Экипаж очень внимательный.,positive
913,Отличное питание на борту! Всё свежее и вкусное.,positive
914,Отличное питание на борту! Всё свежее и вкусное.,positive
915,Прекрасное обслуживание на рейсе SU762! Экипаж очень внимательный.,positive
916,Спасибо стюардессам за заботу и улыбки во время полета!,positive
917,Очень комфортный полет благодаря заботливому персоналу!,positive
918,Спасибо стюардессам за заботу и улыбки во время полета!,positive
919,Благодарю экипаж рейса SU784 за профессионализм и доброжелательность.,positive
920,Прекрасное обслуживание на рейсе SU646! Экипаж очень внимательный.,positive
921,Прекрасное обслуживание на рейсе SU991! Экипаж очень внимательный.,positive
922,Очень комфортный полет благодаря заботливому персоналу!,positive
923,Отличное питание на борту! Всё свежее и вкусное.,positive
924,Прекрасное обслуживание на рейсе SU887! Экипаж очень внимательный.,positive
925,Прекрасное обслуживание на рейсе SU521! Экипаж очень внимательный.,positive
926,Благодарю экипаж рейса SU410 за профессионализм и доброжелательность.,positive
927,Очень комфортный полет благодаря заботливому персоналу!,positive
928,Спасибо стюардессам за заботу и улыбки во время полета!,positive
929,Прекрасное обслуживание на рейсе SU598! Экипаж очень внимательный.,positive
930,Благодарю экипаж рейса SU478 за профессионализм и доброжелательность.,positive
931,Благодарю экипаж рейса SU879 за профессионализм и доброжелательность.,positive
932,Спасибо стюардессам за заботу и улыбки во время полета!,positive
933,Прекрасное обслуживание на рейсе SU559! Экипаж очень внимательный.,positive
934,Спасибо стюардессам за заботу и улыбки во время полета!,positive
935,Отличная организация процесса регистрации. Всё заняло 52 минут.,positive
936,Отличная организация процесса регистрации. Всё заняло 27 минут.,positive
937,Онлайн-регистрация на рейс SU343 прошла отлично! Очень удобно.,positive
938,Онлайн-регистрация на рейс SU740 прошла отлично! Очень удобно.,positive
939,Спасибо за быструю регистрацию! Очереди не было.,positive
940,Отличная организация процесса регистрации. Всё заняло 45 минут.,positive
941,Очень удобная система онлайн-регистрации! Рекомендую!,positive
942,Очень удобная система онлайн-регистрации! Рекомендую!,positive
943,Отличная организация процесса регистрации. Всё заняло 23 минут.,positive
944,Очень удобная система онлайн-регистрации! Рекомендую!,positive
945,Отличная организация процесса регистрации. Всё заняло 40 минут.,positive
946,Благодарю за помощь при регистрации с детьми на рейс SU152.,positive
947,Отличная организация процесса регистрации. Всё заняло 14 минут.,positive
948,Очень удобная система онлайн-регистрации! Рекомендую!,positive
949,Очень удобная система онлайн-регистрации! Рекомендую!,positive
950,Очень удобная система онлайн-регистрации! Рекомендую!,positive
951,Спасибо за быструю регистрацию! Очереди не было.,positive
952,Благодарю за помощь при регистрации с детьми на рейс SU502.,positive
953,Очень удобная система онлайн-регистрации! Рекомендую!,positive
954,Спасибо за быструю регистрацию! Очереди не было.,positive
955,Благодарю за помощь при регистрации с детьми на рейс SU992.,positive
956,Очень удобная система онлайн-регистрации! Рекомендую!,positive
957,Благодарю за помощь при регистрации с детьми на рейс SU816.,positive
958,Очень удобная система онлайн-регистрации! Рекомендую!,positive
959,Отличная организация процесса регистрации. Всё заняло 57 минут.,positive
960,Очень удобная система онлайн-регистрации! Рекомендую!,positive
961,Спасибо за быструю регистрацию! Очереди не было.,positive
962,Отличная организация процесса регистрации. Всё заняло 19 минут.,positive
963,Очень удобная система онлайн-регистрации! Рекомендую!,positive
964,Очень удобная система онлайн-регистрации! Рекомендую!,positive
965,Отличная организация процесса регистрации. Всё заняло 22 минут.,positive
966,Отличная организация процесса регистрации. Всё заняло 56 минут.,positive
967,Отличное соотношение цены и качества на рейсе SU726.,positive
968,Отличное соотношение цены и качества на рейсе SU374.,positive
969,Поймала акцию со скидкой 46%! Супер!,positive
970,Отличное соотношение цены и качества на рейсе SU784.,positive
971,Спасибо за отличные цены на рейс SU965! Очень выгодно.,positive
972,Благодарю за программу лояльности. Накопила мили и купила билет дешевле.,positive
973,Благодарю за программу лояльности. Накопила мили и купила билет дешевле.,positive
974,Поймала акцию со скидкой 32%! Супер!,positive
975,Благодарю за программу лояльности. Накопила мили и купила билет дешевле.,positive
976,Поймала акцию со скидкой 35%! Супер!,positive
977,Спасибо за отличные цены на рейс SU124! Очень выгодно.,positive
978,Благодарю за программу лояльности. Накопила мили и купила билет дешевле.,positive
979,Отличное соотношение цены и качества на рейсе SU356.,positive
980,Спасибо за отличные цены на рейс SU942! Очень выгодно.,positive
981,Спасибо за прозрачное ценообразование без скрытых платежей!,positive
982,Благодарю за программу лояльности. Накопила мили и купила билет дешевле.,positive
983,Поймала акцию со скидкой 48%! Супер!,positive
984,Отличное соотношение цены и качества на рейсе SU553.,positive
985,Поймала акцию со скидкой 44%! Супер!,positive
986,Поймала акцию со скидкой 32%! Супер!,positive
987,Спасибо за отличные цены на рейс SU821! Очень выгодно.,positive
988,Отличное соотношение цены и качества на рейсе SU308.,positive
989,Поймала акцию со скидкой 28%! Супер!,positive
990,Спасибо за прозрачное ценообразование без скрытых платежей!,positive
991,Благодарю за программу лояльности. Накопила мили и купила билет дешевле.,positive
992,Поймала акцию со скидкой 31%! Супер!,positive
993,Поймала акцию со скидкой 49%! Супер!,positive
994,Спасибо за прозрачное ценообразование без скрытых платежей!,positive
995,Спасибо за прозрачное ценообразование без скрытых платежей!,positive
996,Поймала акцию со скидкой 36%! Супер!,positive
997,Спасибо за прозрачное ценообразование без скрытых платежей!,positive
998,Благодарю за программу лояльности. Накопила мили и купила билет дешевле.,positive
999,Программа лояльности - лучшая среди авиакомпаний! Спасибо!,positive
1000,Благодарю за бонусные мили к рейсу SU319!,positive
1001,Отличная программа лояльности! Накопил мили и улетел бесплатно!,positive
1002,Очень довольна программой. Использую мили для апгрейдов.,positive
1003,Благодарю за бонусные мили к рейсу SU385!,positive
1004,Очень довольна программой. Использую мили для апгрейдов.,positive
1005,Очень довольна программой. Использую мили для апгрейдов.,positive
1006,Благодарю за бонусные мили к рейсу SU617!,positive
1007,Отличная программа лояльности! Накопил мили и улетел бесплатно!,positive
1008,Благодарю за бонусные мили к рейсу SU121!,positive
1009,Очень довольна программой. Использую мили для апгрейдов.,positive
1010,Программа лояльности - лучшая среди авиакомпаний! Спасибо!,positive
1011,Программа лояльности - лучшая среди авиакомпаний! Спасибо!,positive
1012,Очень довольна программой. Использую мили для апгрейдов.,positive
1013,Благодарю за бонусные мили к рейсу SU275!,positive
1014,Благодарю за бонусные мили к рейсу SU369!,positive
1015,Программа лояльности - лучшая среди авиакомпаний! Спасибо!,positive
1016,Программа лояльности - лучшая среди авиакомпаний! Спасибо!,positive
1017,Спасибо за повышение статуса! Привилегии действительно стоящие.,positive
1018,Спасибо за повышение статуса! Привилегии действительно стоящие.,positive
1019,Спасибо за повышение статуса! Привилегии действительно стоящие.,positive
1020,Программа лояльности - лучшая среди авиакомпаний! Спасибо!,positive
1021,Благодарю за бонусные мили к рейсу SU794!,positive
1022,Программа лояльности - лучшая среди авиакомпаний! Спасибо!,positive
1023,Спасибо за повышение статуса! Привилегии действительно стоящие.,positive
1024,Программа лояльности - лучшая среди авиакомпаний! Спасибо!,positive
1025,Спасибо за повышение статуса! Привилегии действительно стоящие.,positive
1026,Благодарю за бонусные мили к рейсу SU581!,positive
1027,Благодарю за бонусные мили к рейсу SU297!,positive
1028,Программа лояльности - лучшая среди авиакомпаний! Спасибо!,positive
1029,Очень довольна программой. Использую мили для апгрейдов.,positive
1030,Спасибо за компенсацию и извинения. Вопрос решен.,positive
1031,Приятно удивлена качеством обработки обратной связи!,positive
1032,Благодарю за внимание к проблеме и решение вопроса.,positive
1033,Благодарю за внимание к проблеме и решение вопроса.,positive
1034,Благодарю за внимание к проблеме и решение вопроса.,positive
1035,Оцениваю профессиональную работу отдела по работе с жалобами.,positive
1036,Приятно удивлена качеством обработки обратной связи!,positive
1037,Спасибо за оперативное рассмотрение моей жалобы!,positive
1038,Спасибо за оперативное рассмотрение моей жалобы!,positive
1039,Спасибо за оперативное рассмотрение моей жалобы!,positive
1040,Приятно удивлена качеством обработки обратной связи!,positive
1041,Спасибо за оперативное рассмотрение моей жалобы!,positive
1042,Оцениваю профессиональную работу отдела по работе с жалобами.,positive
1043,Приятно удивлена качеством обработки обратной связи!,positive
1044,Приятно удивлена качеством обработки обратной связи!,positive
1045,Спасибо за компенсацию и извинения. Вопрос решен.,positive
1046,Оцениваю профессиональную работу отдела по работе с жалобами.,positive
1047,Оцениваю профессиональную работу отдела по работе с жалобами.,positive
1048,Спасибо за компенсацию и извинения. Вопрос решен.,positive
1049,Спасибо за оперативное рассмотрение моей жалобы!,positive
1050,Благодарю за внимание к проблеме и решение вопроса.,positive
1051,Приятно удивлена качеством обработки обратной связи!,positive
1052,Спасибо за компенсацию и извинения. Вопрос решен.,positive
1053,Благодарю за внимание к проблеме и решение вопроса.,positive
1054,Приятно удивлена качеством обработки обратной связи!,positive
1055,Спасибо за оперативное рассмотрение моей жалобы!,positive
1056,Спасибо за оперативное рассмотрение моей жалобы!,positive
1057,Приятно удивлена качеством обработки обратной связи!,positive
1058,Спасибо за компенсацию и извинения. Вопрос решен.,positive
1059,Оцениваю профессиональную работу отдела по работе с жалобами.,positive
1060,Оцениваю профессиональную работу отдела по работе с жалобами.,positive
